-- --------------------------------------------------------
-- Host:                         127.0.0.1
-- Server version:               5.7.24 - MySQL Community Server (GPL)
-- Server OS:                    Win64
-- HeidiSQL Version:             12.8.0.6935
-- --------------------------------------------------------

/*!40101 SET @OLD_CHARACTER_SET_CLIENT=@@CHARACTER_SET_CLIENT */;
/*!40101 SET NAMES utf8 */;
/*!50503 SET NAMES utf8mb4 */;
/*!40103 SET @OLD_TIME_ZONE=@@TIME_ZONE */;
/*!40103 SET TIME_ZONE='+00:00' */;
/*!40014 SET @OLD_FOREIGN_KEY_CHECKS=@@FOREIGN_KEY_CHECKS, FOREIGN_KEY_CHECKS=0 */;
/*!40101 SET @OLD_SQL_MODE=@@SQL_MODE, SQL_MODE='NO_AUTO_VALUE_ON_ZERO' */;
/*!40111 SET @OLD_SQL_NOTES=@@SQL_NOTES, SQL_NOTES=0 */;

-- Dumping structure for table zakat.migrations
CREATE TABLE IF NOT EXISTS `migrations` (
  `id` bigint(20) unsigned NOT NULL AUTO_INCREMENT,
  `version` varchar(255) NOT NULL,
  `class` varchar(255) NOT NULL,
  `group` varchar(255) NOT NULL,
  `namespace` varchar(255) NOT NULL,
  `time` int(11) NOT NULL,
  `batch` int(11) unsigned NOT NULL,
  PRIMARY KEY (`id`)
) ENGINE=InnoDB AUTO_INCREMENT=6 DEFAULT CHARSET=utf8mb4;

-- Dumping data for table zakat.migrations: ~4 rows (approximately)
INSERT INTO `migrations` (`id`, `version`, `class`, `group`, `namespace`, `time`, `batch`) VALUES
	(1, '2024-09-07-102114', 'App\\Database\\Migrations\\TableUser', 'default', 'App', 1725704612, 1),
	(2, '2024-09-07-112138', 'App\\Database\\Migrations\\TableZakat', 'default', 'App', 1725708625, 2),
	(3, '2024-09-07-141659', 'App\\Database\\Migrations\\TableDokumentasi', 'default', 'App', 1725719173, 3),
	(4, '2024-09-07-142045', 'App\\Database\\Migrations\\TableBantuan', 'default', 'App', 1725719173, 3),
	(5, '2024-10-20-160406', 'App\\Database\\Migrations\\TableSetting', 'default', 'App', 1729448776, 4);

-- Dumping structure for table zakat.table_bantuan
CREATE TABLE IF NOT EXISTS `table_bantuan` (
  `id_bantuan` int(5) NOT NULL AUTO_INCREMENT,
  `id_zakat` int(5) NOT NULL,
  `peruntukan` text NOT NULL,
  `jenis_bantuan` varchar(255) NOT NULL,
  `total_bantuan` int(11) NOT NULL,
  `penerima_bantuan` varchar(500) NOT NULL,
  `jenis_identitas` varchar(50) NOT NULL,
  `nomor_identitas` varchar(50) NOT NULL,
  `latitude` varchar(255) NOT NULL,
  `longitude` varchar(255) NOT NULL,
  `nama_penerima` varchar(255) NOT NULL,
  `created_at` datetime NOT NULL,
  `updated_at` datetime DEFAULT NULL,
  PRIMARY KEY (`id_bantuan`)
) ENGINE=InnoDB AUTO_INCREMENT=11 DEFAULT CHARSET=utf8mb4;

-- Dumping data for table zakat.table_bantuan: ~9 rows (approximately)
INSERT INTO `table_bantuan` (`id_bantuan`, `id_zakat`, `peruntukan`, `jenis_bantuan`, `total_bantuan`, `penerima_bantuan`, `jenis_identitas`, `nomor_identitas`, `latitude`, `longitude`, `nama_penerima`, `created_at`, `updated_at`) VALUES
	(2, 10, 'Bantuan modal usaha masyarakat tidak mampu', 'Uang', 1000000, '1', '1', '1194116806970002', '4.6309391934639965', '96.8288000585305', 'AYUNIARA SYAHMIDI', '2024-09-07 23:21:15', '2024-09-07 23:21:15'),
	(3, 11, 'Bantuan modal usaha', 'Uang', 23000000, '1', '1', '1194116806970002', '4.619304231039399', '96.80682740301567', 'AYUNIARA SYAHMIDI', '2024-09-07 23:28:11', '2024-09-07 23:29:05'),
	(4, 14, 'sekolah', 'uang', 2000000, '1', '1', '1104080408010001', '4.595675743317159', '96.99743320425866', 'SAFRIKA SYAHPUTRA', '2024-09-07 23:29:06', '2024-09-30 18:23:56'),
	(5, 16, 'pakir', 'uang tunai', 2000000, '1', '1', '1104080408010001', '4.647022502762781', '96.88441834304413', 'PUTRA', '2024-09-30 18:23:56', '2024-10-02 11:06:38'),
	(6, 17, 'Fakir', 'Uang', 3000000, '1', '1', '1194116806970002', '4.626528577771399', '96.82532869280723', 'AYUNIARA SYAHMIDI', '2024-10-02 11:06:38', '2024-10-09 13:02:56'),
	(7, 18, 'Miskin', 'uang', 2000000, '1', '1', '1112289y87565e65t', '4.648391278116749', '96.88819489323198', 'KANU', '2024-10-09 13:02:56', '2024-10-09 13:04:56'),
	(8, 19, 'Miskin', 'uang', 2147483647, '1', '1', '1104080408010001', '4.601166997294317', '96.99599823634401', 'IKA', '2024-10-09 13:04:56', '2024-10-09 13:07:00'),
	(9, 20, 'Riqab', 'uang', 3000000, '1', '1', '1104080408010001', '4.6316235970631485', '96.95273956917028', 'PUTRA', '2024-10-09 13:07:01', '2024-10-09 13:30:30'),
	(10, 0, '', '', 0, '', '', '', '', '', '', '2024-10-09 13:30:31', '2024-10-09 13:30:31');

-- Dumping structure for table zakat.table_desa
CREATE TABLE IF NOT EXISTS `table_desa` (
  `id` char(50) DEFAULT NULL,
  `id_kecamatan` char(50) DEFAULT NULL,
  `nama_desa` varchar(250) DEFAULT NULL
) ENGINE=InnoDB DEFAULT CHARSET=latin1;

-- Dumping data for table zakat.table_desa: ~295 rows (approximately)
INSERT INTO `table_desa` (`id`, `id_kecamatan`, `nama_desa`) VALUES
	('1104012003', NULL, 'Delung Sekinel'),
	('1104012005', NULL, 'Gelampang Gading'),
	('1104012006', NULL, 'Gewat'),
	('1104012008', NULL, 'Jamat'),
	('1104012009', NULL, 'Kemerleng'),
	('1104012010', NULL, 'Kute Baru'),
	('1104012011', NULL, 'Kute Keramil'),
	('1104012012', NULL, 'Kute Rayang'),
	('1104012013', NULL, 'Kute Riyem'),
	('1104012014', NULL, 'Kute Robel'),
	('1104012015', NULL, 'Linge'),
	('1104012016', NULL, 'Lumut'),
	('1104012018', NULL, 'Mungkur'),
	('1104012019', NULL, 'Owaq'),
	('1104012020', NULL, 'Pantan Nangka'),
	('1104012021', NULL, 'Penarun'),
	('1104012022', NULL, 'Simpang Tige Uning'),
	('1104012023', NULL, 'Umang'),
	('1104012024', NULL, 'Despot Linge'),
	('1104012025', NULL, 'Gemboyah'),
	('1104012031', NULL, 'Arul Item'),
	('1104012032', NULL, 'Ise-Ise'),
	('1104012033', NULL, 'Kute Reje'),
	('1104012034', NULL, 'Reje Payung'),
	('1104012035', NULL, 'Pantan Reduk'),
	('1104012036', NULL, 'Antara'),
	('1104022001', NULL, 'Arul Gele'),
	('1104022002', NULL, 'Arul Kumer'),
	('1104022003', NULL, 'Burni Bius'),
	('1104022004', NULL, 'Genting Gerbang'),
	('1104022005', NULL, 'Gunung Singit'),
	('1104022007', NULL, 'Pepayungen Angkup'),
	('1104022008', NULL, 'Remesen'),
	('1104022009', NULL, 'Rutih'),
	('1104022010', NULL, 'Semelit Mutiara'),
	('1104022012', NULL, 'Wih Porak'),
	('1104022013', NULL, 'Wihni Bakong'),
	('1104022014', NULL, 'Wihni Durin'),
	('1104022016', NULL, 'Arul Putih'),
	('1104022017', NULL, 'Arul Relem'),
	('1104022018', NULL, 'Burni Bius Baru'),
	('1104022019', NULL, 'Jerata'),
	('1104022022', NULL, 'Paya Beke'),
	('1104022023', NULL, 'Paya Pelu'),
	('1104022026', NULL, 'Rebe Gedung'),
	('1104022027', NULL, 'Reremal'),
	('1104022029', NULL, 'Sanehen'),
	('1104022030', NULL, 'Simpang Kemili'),
	('1104022031', NULL, 'Tenebuk Kampung Baru'),
	('1104022032', NULL, 'Terang Engon'),
	('1104022033', NULL, 'Wih Pesam'),
	('1104022034', NULL, 'Bius Utama'),
	('1104022035', NULL, 'Meker Indah'),
	('1104022036', NULL, 'Mulie Jadi'),
	('1104022037', NULL, 'Wih Bersih'),
	('1104022038', NULL, 'Wih Sagi Indah'),
	('1104022039', NULL, 'Arul Kumer Barat'),
	('1104022040', NULL, 'Arul Kumer Timur'),
	('1104022041', NULL, 'Arul Kumer Selatan'),
	('1104032001', NULL, 'Blang Kolak I'),
	('1104032002', NULL, 'Bebesan'),
	('1104032003', NULL, 'Mongal'),
	('1104032004', NULL, 'Daling'),
	('1104032005', NULL, 'Tensaran'),
	('1104032006', NULL, 'Lelabu'),
	('1104032007', NULL, 'Blang Gele'),
	('1104032008', NULL, 'Kemili'),
	('1104032009', NULL, 'Tan Saril'),
	('1104032010', NULL, 'Blang Kolak II'),
	('1104032011', NULL, 'Umang'),
	('1104032012', NULL, 'Simpang IV'),
	('1104032013', NULL, 'Bahgie'),
	('1104032014', NULL, 'Keramat Mupakat'),
	('1104032015', NULL, 'Atu Gajah Reje Guru'),
	('1104032016', NULL, 'Atu Tulu'),
	('1104032017', NULL, 'Burbiah'),
	('1104032018', NULL, 'Empus Talu'),
	('1104032019', NULL, 'Gele Lah'),
	('1104032020', NULL, 'Kebet'),
	('1104032021', NULL, 'Lemah Burbana'),
	('1104032022', NULL, 'Mah Bengi'),
	('1104032023', NULL, 'Nunang Antara'),
	('1104032024', NULL, 'Pendere Saril'),
	('1104032025', NULL, 'Sadong Juru Mudi'),
	('1104032026', NULL, 'Ulu Nuwih'),
	('1104032027', NULL, 'Colo Blang Gele'),
	('1104032028', NULL, 'Kala Kemili'),
	('1104072001', NULL, 'Arul Badak'),
	('1104072004', NULL, 'Berawang Baro'),
	('1104072008', NULL, 'Gelelungi'),
	('1104072009', NULL, 'Ie Relop'),
	('1104072010', NULL, 'Kayu Kul'),
	('1104072011', NULL, 'Kedelah'),
	('1104072012', NULL, 'Kung'),
	('1104072013', NULL, 'Kute Lintang'),
	('1104072014', NULL, 'Lelumu'),
	('1104072016', NULL, 'Paya Jeget'),
	('1104072017', NULL, 'Pedekok'),
	('1104072018', NULL, 'Pegasing'),
	('1104072019', NULL, 'Pepalang'),
	('1104072021', NULL, 'Simpang Kelaping'),
	('1104072024', NULL, 'Tebuk'),
	('1104072025', NULL, 'Terang Ulen'),
	('1104072026', NULL, 'Ujung Gele'),
	('1104072029', NULL, 'Wih Ilang'),
	('1104072030', NULL, 'Wih Nareh'),
	('1104072031', NULL, 'Wih Lah'),
	('1104072032', NULL, 'Jejem'),
	('1104072033', NULL, 'Jurusen'),
	('1104072034', NULL, 'Kala Pegasing'),
	('1104072035', NULL, 'Linung Ayu'),
	('1104072036', NULL, 'Panangan Mata'),
	('1104072037', NULL, 'Pantan Musara'),
	('1104072038', NULL, 'Wih Terjun'),
	('1104072039', NULL, 'Belang Bebangka'),
	('1104072040', NULL, 'Uning'),
	('1104072041', NULL, 'Uring'),
	('1104072042', NULL, 'Suka Damai'),
	('1104082001', NULL, 'Atu Payung'),
	('1104082002', NULL, 'Bale Nosar'),
	('1104082003', NULL, 'Bamil Nosar'),
	('1104082004', NULL, 'Bewang'),
	('1104082005', NULL, 'Dedamar'),
	('1104082006', NULL, 'Genuren'),
	('1104082007', NULL, 'Kala Bintang'),
	('1104082008', NULL, 'Kala Segi'),
	('1104082009', NULL, 'Kejurun Syiah Utama'),
	('1104082010', NULL, 'Kelitu Sintep'),
	('1104082011', NULL, 'Kuala I'),
	('1104082012', NULL, 'Kuala II'),
	('1104082013', NULL, 'Linung Bulen I'),
	('1104082014', NULL, 'Linung Bulen II'),
	('1104082015', NULL, 'Mengaya'),
	('1104082016', NULL, 'Mude Nosar'),
	('1104082017', NULL, 'Serule'),
	('1104082018', NULL, 'Wakil Jalil'),
	('1104082019', NULL, 'Wihlah Setie'),
	('1104082020', NULL, 'Gegarang'),
	('1104082021', NULL, 'Jamur Konyel'),
	('1104082022', NULL, 'Merodot'),
	('1104082023', NULL, 'Sintep'),
	('1104082024', NULL, 'Gele Pulo'),
	('1104102001', NULL, 'Bah'),
	('1104102002', NULL, 'Blang Mancung'),
	('1104102003', NULL, 'Bintang Pepara'),
	('1104102004', NULL, 'Burlah'),
	('1104102005', NULL, 'Buter'),
	('1104102006', NULL, 'Cang Duri'),
	('1104102007', NULL, 'Gelumpang Payung'),
	('1104102008', NULL, 'Jaluk'),
	('1104102009', NULL, 'Kala Ketol'),
	('1104102010', NULL, 'Karang Ampar'),
	('1104102011', NULL, 'Kekuyang'),
	('1104102012', NULL, 'Kute Gelime'),
	('1104102013', NULL, 'Pantan Penyo'),
	('1104102014', NULL, 'Pantan Reduk'),
	('1104102015', NULL, 'Pondok Balik'),
	('1104102016', NULL, 'Rejewali'),
	('1104102017', NULL, 'Serempah'),
	('1104102018', NULL, 'Bergang'),
	('1104102019', NULL, 'Blang Mancung Bawah'),
	('1104102020', NULL, 'Buge Ara'),
	('1104102021', NULL, 'Genting Bulen'),
	('1104102022', NULL, 'Jalan Tengah'),
	('1104102023', NULL, 'Jerata'),
	('1104102024', NULL, 'Simpang Juli'),
	('1104102025', NULL, 'Selon'),
	('1104112001', NULL, 'Bukit Sama'),
	('1104112002', NULL, 'Gunung Bukit'),
	('1104112003', NULL, 'Jongok Meluem'),
	('1104112004', NULL, 'Kelupak Mata'),
	('1104112005', NULL, 'Lot Kala'),
	('1104112006', NULL, 'Mendale'),
	('1104112007', NULL, 'Paya Reje Tami Dalem'),
	('1104112008', NULL, 'Paya Tumpi'),
	('1104112009', NULL, 'Pinangan'),
	('1104112010', NULL, 'Bukit'),
	('1104112011', NULL, 'Bukit Ewih Tami Delem'),
	('1104112012', NULL, 'Gunung Bahgie'),
	('1104112013', NULL, 'Gunung Balohen'),
	('1104112014', NULL, 'Jongkok Bathin'),
	('1104112015', NULL, 'Kala Lengkio'),
	('1104112016', NULL, 'Kute Lot'),
	('1104112017', NULL, 'Paya Tumpi Baru'),
	('1104112018', NULL, 'Paya Tumpi I'),
	('1104112019', NULL, 'Timangan Gading'),
	('1104112020', NULL, 'Telege Atu'),
	('1104122001', NULL, 'Atu Gogop'),
	('1104122002', NULL, 'Balik'),
	('1104122003', NULL, 'Buter Balik'),
	('1104122004', NULL, 'Dedingin'),
	('1104122005', NULL, 'Kute Panang'),
	('1104122006', NULL, 'Lukub Sabun'),
	('1104122007', NULL, 'Pantan Sile'),
	('1104122008', NULL, 'Ratawali'),
	('1104122009', NULL, 'Segene Balik'),
	('1104122010', NULL, 'Tapak Moge'),
	('1104122011', NULL, 'Tawar Miko'),
	('1104122012', NULL, 'Tawardi'),
	('1104122013', NULL, 'Timang Rasa'),
	('1104122014', NULL, 'Wih Nongkal'),
	('1104122015', NULL, 'Bukit Rata'),
	('1104122016', NULL, 'Lukub Sabun Barat'),
	('1104122017', NULL, 'Lukub Sabun Tengah'),
	('1104122018', NULL, 'Lukub Sabun Timur'),
	('1104122019', NULL, 'Wih Nongkal Toa'),
	('1104122020', NULL, 'Tapak Moge Timur'),
	('1104122021', NULL, 'Empu Balik'),
	('1104122022', NULL, 'Blang Balik'),
	('1104122023', NULL, 'Kala Nongkal'),
	('1104122024', NULL, 'Pantan Jerik'),
	('1104132001', NULL, 'Arul Gading'),
	('1104132002', NULL, 'Belang Kekumur'),
	('1104132003', NULL, 'Berawang Gading'),
	('1104132004', NULL, 'Celala'),
	('1104132005', NULL, 'Cibro'),
	('1104132006', NULL, 'Kuyun'),
	('1104132007', NULL, 'Kuyun Toa'),
	('1104132008', NULL, 'Kuyun Uken'),
	('1104132009', NULL, 'Makmur'),
	('1104132010', NULL, 'Melala'),
	('1104132011', NULL, 'Paya Kolak'),
	('1104132012', NULL, 'Ramung Ara'),
	('1104132013', NULL, 'Sepakat'),
	('1104132014', NULL, 'Tanoh Depet'),
	('1104132015', NULL, 'Uning Berawang Ramung'),
	('1104132016', NULL, 'Blang Delem'),
	('1104132017', NULL, 'Depet Indah'),
	('1104172001', NULL, 'Takengon Timur'),
	('1104172002', NULL, 'Asir Asir'),
	('1104172003', NULL, 'Asir Asir Asia'),
	('1104172004', NULL, 'Bale Atu'),
	('1104172005', NULL, 'Bujang'),
	('1104172006', NULL, 'Gunung Suku'),
	('1104172007', NULL, 'Hakim Bale Bujang'),
	('1104172008', NULL, 'Kenawat'),
	('1104172009', NULL, 'Kuteni Reje'),
	('1104172010', NULL, 'Pedemun One One'),
	('1104172011', NULL, 'Rawe'),
	('1104172012', NULL, 'Takengon Barat'),
	('1104172013', NULL, 'Toweren Antara'),
	('1104172014', NULL, 'Toweren Toa'),
	('1104172015', NULL, 'Toweren Uken'),
	('1104172016', NULL, 'Teluk One-One'),
	('1104172017', NULL, 'Merah Mersa'),
	('1104172018', NULL, 'Waq Toweren'),
	('1104182001', NULL, 'Atu Lintang'),
	('1104182002', NULL, 'Merah Mege'),
	('1104182003', NULL, 'Merah Pupuk'),
	('1104182004', NULL, 'Merah Muyang'),
	('1104182005', NULL, 'Gayo Murni'),
	('1104182006', NULL, 'Kepala Akal'),
	('1104182007', NULL, 'Tanoh Abu'),
	('1104182008', NULL, 'Bintang Kekelip'),
	('1104182009', NULL, 'Merah Jernang'),
	('1104182010', NULL, 'Damar Mulyo'),
	('1104182011', NULL, 'Pantan Damar'),
	('1104192001', NULL, 'Merah Said'),
	('1104192002', NULL, 'Berawang Dewal'),
	('1104192003', NULL, 'Gegarang'),
	('1104192004', NULL, 'Telege Sari'),
	('1104192005', NULL, 'Jeget Ayu'),
	('1104192006', NULL, 'Paya Tungel'),
	('1104192007', NULL, 'Jagong Jeget'),
	('1104192008', NULL, 'Bukit Sari'),
	('1104192009', NULL, 'Bukit Kemuning'),
	('1104192010', NULL, 'Paya Dedep'),
	('1104202001', NULL, 'Bies Penentanan'),
	('1104202002', NULL, 'Bies Baru'),
	('1104202003', NULL, 'Bies Mulie'),
	('1104202004', NULL, 'Arul Latong'),
	('1104202005', NULL, 'Simpang Lukup Badak'),
	('1104202006', NULL, 'Atang Jungket'),
	('1104202007', NULL, 'Tebes Lues'),
	('1104202008', NULL, 'Pucuk Deku'),
	('1104202009', NULL, 'Lenga'),
	('1104202010', NULL, 'Uning Pegantungen'),
	('1104202011', NULL, 'Simpang Uning Niken'),
	('1104202012', NULL, 'Karang Bayur'),
	('1104212001', NULL, 'Pantan Tengah'),
	('1104212002', NULL, 'Rusip'),
	('1104212003', NULL, 'Pilar'),
	('1104212004', NULL, 'Arul Pertik'),
	('1104212005', NULL, 'Pilar Jaya'),
	('1104212006', NULL, 'Tirmi Ara'),
	('1104212007', NULL, 'Atu Singkih'),
	('1104212008', NULL, 'Pantan Bener'),
	('1104212009', NULL, 'Kerawang'),
	('1104212010', NULL, 'Mekar Maju'),
	('1104212011', NULL, 'Paya Tampu'),
	('1104212012', NULL, 'Tanjung'),
	('1104212013', NULL, 'Merandeh Paya'),
	('1104212014', NULL, 'Kuala Rawa'),
	('1104212015', NULL, 'Pilar Wih Kiri'),
	('1104212016', NULL, 'Lut Jaya');

-- Dumping structure for table zakat.table_dokumentasi
CREATE TABLE IF NOT EXISTS `table_dokumentasi` (
  `id_dokumentasi` int(5) NOT NULL AUTO_INCREMENT,
  `id_bantuan` int(11) NOT NULL,
  `dokumentasi` varchar(255) NOT NULL,
  `created_at` datetime NOT NULL,
  `updated_at` datetime DEFAULT NULL,
  PRIMARY KEY (`id_dokumentasi`)
) ENGINE=InnoDB AUTO_INCREMENT=16 DEFAULT CHARSET=utf8mb4;

-- Dumping data for table zakat.table_dokumentasi: ~9 rows (approximately)
INSERT INTO `table_dokumentasi` (`id_dokumentasi`, `id_bantuan`, `dokumentasi`, `created_at`, `updated_at`) VALUES
	(5, 1, 'uploads/dokumentasi/240907104434_1725723874_8f52c6839707671146b8.png', '2024-09-07 22:44:34', '2024-09-07 22:44:34'),
	(6, 3, 'uploads/dokumentasi/240907112901_1725726541_0ef05cee3aa10c453aac.jpeg', '2024-09-07 23:29:01', '2024-09-07 23:29:01'),
	(8, 4, 'uploads/dokumentasi/240930125840_1727675920_ddfcb26e59da6e8348b0.jpg', '2024-09-30 12:58:40', '2024-09-30 12:58:40'),
	(10, 5, 'uploads/dokumentasi/241002110605_1727841965_c981686325974040a3fd.jpg', '2024-10-02 11:06:05', '2024-10-02 11:06:05'),
	(11, 6, 'uploads/dokumentasi/241009125432_1728453272_7b1938bc1f0e41949090.jpg', '2024-10-09 12:54:32', '2024-10-09 12:54:32'),
	(12, 6, 'uploads/dokumentasi/241009010048_1728453648_71ec1e6b99b6e6b3d6d8.jpg', '2024-10-09 13:00:48', '2024-10-09 13:00:48'),
	(13, 7, 'uploads/dokumentasi/241009010453_1728453893_86995c6529796c757369.jpg', '2024-10-09 13:04:53', '2024-10-09 13:04:53'),
	(14, 8, 'uploads/dokumentasi/241009010652_1728454012_59679f1961565794c767.jpg', '2024-10-09 13:06:52', '2024-10-09 13:06:52'),
	(15, 9, 'uploads/dokumentasi/241009013021_1728455421_20877e49297ca394b118.jpg', '2024-10-09 13:30:21', '2024-10-09 13:30:21');

-- Dumping structure for table zakat.table_kecamatan
CREATE TABLE IF NOT EXISTS `table_kecamatan` (
  `id` char(50) DEFAULT NULL,
  `nama_kecamatan` varchar(200) DEFAULT NULL
) ENGINE=InnoDB DEFAULT CHARSET=latin1;

-- Dumping data for table zakat.table_kecamatan: ~14 rows (approximately)
INSERT INTO `table_kecamatan` (`id`, `nama_kecamatan`) VALUES
	('110401', 'Linge'),
	('110402', 'Silih Nara'),
	('110403', 'Bebesen'),
	('110407', 'Pegasing'),
	('110408', 'Bintang'),
	('110410', 'Ketol'),
	('110411', 'Kebayakan'),
	('110412', 'Kute Panang'),
	('110413', 'Celala'),
	('110417', 'Laut Tawar'),
	('110418', 'Atu Lintang'),
	('110419', 'Jagong Jeget'),
	('110420', 'Bies'),
	('110421', 'Rusip Antara');

-- Dumping structure for table zakat.table_setting
CREATE TABLE IF NOT EXISTS `table_setting` (
  `id_setting` int(5) NOT NULL AUTO_INCREMENT,
  `jenis_setting` varchar(255) NOT NULL,
  `value_setting` text NOT NULL,
  `created_at` datetime NOT NULL,
  `updated_at` datetime DEFAULT NULL,
  PRIMARY KEY (`id_setting`)
) ENGINE=InnoDB AUTO_INCREMENT=2 DEFAULT CHARSET=utf8mb4;

-- Dumping data for table zakat.table_setting: ~0 rows (approximately)
INSERT INTO `table_setting` (`id_setting`, `jenis_setting`, `value_setting`, `created_at`, `updated_at`) VALUES
	(1, 'penerima', '[{"peruntukan":"Fakir","persentase":10,"total_dana":1961018000},{"peruntukan":"Miskin","persentase":30,"total_dana":5883054000},{"peruntukan":"Amil","persentase":12,"total_dana":2353221600},{"peruntukan":"Riqab","persentase":5,"total_dana":980509000},{"peruntukan":"Gharim","persentase":12,"total_dana":2353221600},{"peruntukan":"Fisabilillah","persentase":15,"total_dana":2941527000},{"peruntukan":"Ibnu_Sabil","persentase":15,"total_dana":2941527000},{"peruntukan":"Mualaf","persentase":1,"total_dana":196101800}]', '0000-00-00 00:00:00', NULL);

-- Dumping structure for table zakat.table_user
CREATE TABLE IF NOT EXISTS `table_user` (
  `id` int(5) NOT NULL AUTO_INCREMENT,
  `nama` varchar(255) NOT NULL,
  `email` varchar(255) NOT NULL,
  `password` varchar(255) NOT NULL,
  `role` varchar(50) NOT NULL,
  `last_login` datetime NOT NULL,
  `created_at` datetime NOT NULL,
  `updated_at` datetime DEFAULT NULL,
  PRIMARY KEY (`id`)
) ENGINE=InnoDB AUTO_INCREMENT=2 DEFAULT CHARSET=utf8mb4;

-- Dumping data for table zakat.table_user: ~0 rows (approximately)
INSERT INTO `table_user` (`id`, `nama`, `email`, `password`, `role`, `last_login`, `created_at`, `updated_at`) VALUES
	(1, 'Admin', 'admin@gmail.com', '8c6976e5b5410415bde908bd4dee15dfb167a9c873fc4bb8a81f6f2ab448a918', 'admin', '2024-09-07 17:23:41', '2024-09-07 17:23:41', NULL);

-- Dumping structure for table zakat.table_zakat
CREATE TABLE IF NOT EXISTS `table_zakat` (
  `id_zakat` int(5) NOT NULL AUTO_INCREMENT,
  `keterangan` text NOT NULL,
  `status` varchar(5) NOT NULL,
  `total` bigint(20) NOT NULL,
  `saldo_akhir` bigint(20) NOT NULL,
  `tanggal_transaksi` varchar(50) NOT NULL,
  `created_at` datetime NOT NULL,
  `updated_at` datetime DEFAULT NULL,
  PRIMARY KEY (`id_zakat`)
) ENGINE=InnoDB AUTO_INCREMENT=22 DEFAULT CHARSET=utf8mb4;

-- Dumping data for table zakat.table_zakat: ~15 rows (approximately)
INSERT INTO `table_zakat` (`id_zakat`, `keterangan`, `status`, `total`, `saldo_akhir`, `tanggal_transaksi`, `created_at`, `updated_at`) VALUES
	(1, 'Zakat Dari Pemerintah Daerah Kabupaten Aceh Tengah tahun 2024', 'K', 2000000000, 2000000000, '2024-09-07', '2024-09-07 18:45:56', '2024-09-07 18:45:56'),
	(2, 'Hibah Dari Mesjid', 'K', 300000000, 2300000000, '2024-09-07', '2024-09-07 18:46:38', '2024-09-07 18:46:38'),
	(3, 'Zakat DROK Kabupaten Aceh Tengah', 'K', 345980000, 2645980000, '2024-09-07', '2024-09-07 18:47:16', '2024-09-07 18:47:16'),
	(4, 'Bantuan yang di terima oleh : AYUNIARA', 'D', 1000000, 2644980000, '2024-09-07', '2024-09-07 23:17:36', '2024-09-07 23:17:36'),
	(11, 'Bantuan yang di terima oleh :AYUNIARA SYAHMIDI', 'D', 23000000, 2621980000, '2024-09-07', '2024-09-07 23:29:04', '2024-09-07 23:29:04'),
	(12, 'kabut', 'K', 200000, 2622180000, '2024-09-30', '2024-09-30 08:17:07', '2024-09-30 08:17:07'),
	(13, 'uang masuk priode 2024', 'K', 2000000000, 4622180000, '2024-09-30', '2024-09-30 13:12:29', '2024-09-30 13:12:29'),
	(14, 'Bantuan yang di terima oleh :safrika syahputra', 'D', 2000000, 4620180000, '2024-09-30', '2024-09-30 18:23:56', '2024-09-30 18:23:56'),
	(15, 'dari kemenak', 'K', 2000000, 4622180000, '2024-10-02', '2024-10-02 11:04:31', '2024-10-02 11:04:31'),
	(16, 'Bantuan yang di terima oleh :putra', 'D', 2000000, 4620180000, '2024-10-02', '2024-10-02 11:06:38', '2024-10-02 11:06:38'),
	(17, 'Bantuan yang di terima oleh :AYUNIARA SYAHMIDI', 'D', 3000000, 4617180000, '2024-10-09', '2024-10-09 13:02:56', '2024-10-09 13:02:56'),
	(18, 'Bantuan yang di terima oleh :kanu', 'D', 2000000, 4615180000, '2024-10-09', '2024-10-09 13:04:56', '2024-10-09 13:04:56'),
	(19, 'Bantuan yang di terima oleh :ika', 'D', 2000000, 4613180000, '2024-10-09', '2024-10-09 13:07:00', '2024-10-09 13:07:00'),
	(20, 'Bantuan yang di terima oleh :putra', 'D', 3000000, 4610180000, '2024-10-09', '2024-10-09 13:30:30', '2024-10-09 13:30:30'),
	(21, 'Hibah Dari pemerintah daerah', 'K', 15000000000, 19610180000, '2024-10-20', '2024-10-20 23:15:29', '2024-10-20 23:15:29');

/*!40103 SET TIME_ZONE=IFNULL(@OLD_TIME_ZONE, 'system') */;
/*!40101 SET SQL_MODE=IFNULL(@OLD_SQL_MODE, '') */;
/*!40014 SET FOREIGN_KEY_CHECKS=IFNULL(@OLD_FOREIGN_KEY_CHECKS, 1) */;
/*!40101 SET CHARACTER_SET_CLIENT=@OLD_CHARACTER_SET_CLIENT */;
/*!40111 SET SQL_NOTES=IFNULL(@OLD_SQL_NOTES, 1) */;
